University,Engineering Major,Median 1-Year Salary,Median 5-Year Salary,Median 15-Year Salary
Arizona State University,Aerospace Engineering,64404,93052,N/A
Arizona State University,Biomedical Engineering,62280,82277,N/A
Arizona State University,Chemical Engineering,67579,104967,N/A
Arizona State University,Civil Engineering,57954,80566,N/A
Arizona State University,Computer Engineering,71659,105602,N/A
Arizona State University,Construction Engineering,64450,91041,N/A
Arizona State University,Electrical Electronics & Communications Eng.,67449,99908,N/A
Arizona State University,Engineering (General),59370,78750,N/A
Arizona State University,Environmental Engineering,55983,76236,N/A
Arizona State University,Industrial Engineering,69017,93262,N/A
Arizona State University,Materials Engineering,64048,96544,N/A
Arizona State University,Mechanical Engineering,64933,93928,N/A
Auburn University,Aerospace Engineering,65328,84568,N/A
Auburn University,Biosystems Engineering,53915,72586,N/A
Auburn University,Chemical Engineering,72247,92268,N/A
Auburn University,Civil Engineering,57576,76324,N/A
Auburn University,Computer Engineering,72206,100927,N/A
Auburn University,Electrical Electronics & Communications Eng.,68923,89128,N/A
Auburn University,Industrial & Manufacturing Engineering,70278,85705,N/A
Auburn University,Materials Engineering,65511,84582,N/A
Auburn University,Mechanical Engineering,66819,86871,N/A
Auburn University,Polymer/Plastics Engineering,67889,83782,N/A
Auburn University,Software Engineering,76307,106527,N/A
Auburn University,Wireless Engineering,72206,100927,N/A
Binghamton University,Biomedical Engineering,54354,77253,N/A
Binghamton University,Computer Engineering,71774,103245,N/A
Binghamton University,Electrical Engineering,67331,105307,N/A
Binghamton University,Industrial & Systems Engineering,64558,97996,N/A
Binghamton University,Mechanical Engineering,64558,86168,N/A
Brown University,Biomedical Engineering,54544,71691,N/A
Brown University,Engineering (General),67480,88432,N/A
Brown University,Engineering Physics,58054,110944,N/A
California Institute of Technology,Electrical Electronics & Communications Eng.,83177,134454,N/A
California Institute of Technology,Engineering (General),66905,106441,N/A
California Institute of Technology,Mechanical Engineering,83177,134454,N/A
Carnegie Mellon University,Chemical Engineering,71854,116292,N/A
Carnegie Mellon University,Civil Engineering,65349,80231,N/A
Carnegie Mellon University,Electrical & Computer Engineering (ECE),108502,154753,N/A
Carnegie Mellon University,Engineering & Public Policy,71854,116292,N/A
Carnegie Mellon University,Materials Science & Engineering,71854,116292,N/A
Carnegie Mellon University,Mechanical Engineering,80366,107160,N/A
Case Western Reserve University,Biomedical Engineering,57901,75275,N/A
Case Western Reserve University,Chemical Engineering,72615,85593,N/A
Case Western Reserve University,Civil Engineering,63043,79822,N/A
Case Western Reserve University,Computer Engineering,82673,96265,N/A
Case Western Reserve University,Electrical Engineering,69645,105433,N/A
Case Western Reserve University,Engineering Physics,63043,79822,N/A
Case Western Reserve University,Materials Engineering,63043,79822,N/A
Case Western Reserve University,Mechanical Engineering,66174,82494,N/A
Case Western Reserve University,Systems & Control Engineering,63043,79822,N/A
Clemson University,Bioengineering,54527,68478,N/A
Clemson University,Biosystems Engineering,54527,68478,N/A
Clemson University,Ceramic Engineering,60135,79270,N/A
Clemson University,Chemical Engineering,72688,94696,N/A
Clemson University,Civil Engineering,57289,73592,N/A
Clemson University,Computer Engineering,76283,102203,N/A
Clemson University,Electrical Engineering,69043,94696,N/A
Clemson University,Industrial Engineering,65318,84122,N/A
Clemson University,Materials Science & Engineering,60135,79270,N/A
Clemson University,Mechanical Engineering,67164,86498,N/A
Colorado School of Mines,Chemical Engineering,78234,112972,N/A
Colorado School of Mines,Civil Engineering,61230,80792,N/A
Colorado School of Mines,Electrical Engineering,75262,102077,N/A
Colorado School of Mines,Engineering Physics,61230,80792,N/A
Colorado School of Mines,Environmental Engineering,61230,80792,N/A
Colorado School of Mines,Geological Engineering,61230,80792,N/A
Colorado School of Mines,Mechanical Engineering,70036,94039,N/A
Colorado School of Mines,Metallurgical & Materials Engineering,70036,94039,N/A
Colorado School of Mines,Mining Engineering,75262,102077,N/A
Colorado School of Mines,Petroleum Engineering,86476,121893,N/A
Colorado State University,Biomedical Engineering,52892,65617,N/A
Colorado State University,Chemical & Biological Engineering,64944,90585,N/A
Colorado State University,Civil Engineering,57472,71819,N/A
Colorado State University,Computer Engineering,68101,100552,N/A
Colorado State University,Electrical Engineering,65787,96498,N/A
Colorado State University,Environmental Engineering,52892,65617,N/A
Colorado State University,Mechanical Engineering,60645,84002,N/A
Columbia University,Biomedical Engineering,71216,87189,N/A
Columbia University,Chemical Engineering,77407,105487,N/A
Columbia University,Civil Engineering,69554,84104,N/A
Columbia University,Earth/Environmental Engineering,69554,84104,N/A
Columbia University,Electrical Engineering,96391,123579,N/A
Columbia University,Engineering Mechanics,77407,105487,N/A
Columbia University,Engineering (General),77407,105487,N/A
Columbia University,Industrial Engineering,77407,105487,N/A
Columbia University,Materials Science & Engineering,77407,105487,N/A
Columbia University,Mechanical Engineering,77407,105487,N/A
Columbia University,Operations Research,96391,123579,N/A
Cornell University,Biological Engineering,61572,80311,N/A
Cornell University,Biomedical Engineering,61572,80311,N/A
Cornell University,Chemical Engineering,72843,100927,N/A
Cornell University,Civil Engineering,65729,83207,N/A
Cornell University,Computer Science (Engineering),111777,147099,N/A
Cornell University,Electrical and Computer Engineering,86283,115324,N/A
Cornell University,Engineering Physics,78079,107382,N/A
Cornell University,Environmental Engineering,61572,80311,N/A
Cornell University,Materials Science & Engineering,72843,100927,N/A
Cornell University,Mechanical Engineering,72843,100927,N/A
Cornell University,Operations Research & Engineering,86283,115324,N/A
Dartmouth College,Biomedical Engineering,65847,85763,N/A
Dartmouth College,Engineering (General),69144,94307,N/A
Dartmouth College,Engineering Physics,69144,94307,N/A
Dartmouth College,Engineering Sciences (non-specific),69144,94307,N/A
Drexel University,Architectural Engineering,61183,78770,N/A
Drexel University,Biomedical Engineering,58406,75739,N/A
Drexel University,Chemical Engineering,71301,93567,N/A
Drexel University,Civil Engineering,64041,82067,N/A
Drexel University,Computer Engineering,84769,108176,N/A
Drexel University,Electrical Engineering,78925,102877,N/A
Drexel University,Environmental Engineering,54576,75739,N/A
Drexel University,Materials Science & Engineering,65566,78770,N/A
Drexel University,Mechanical Engineering,69031,89744,N/A
Duke University,Biomedical Engineering,68125,90938,N/A
Duke University,Civil Engineering,68125,90938,N/A
Duke University,Electrical & Computer Engineering,89017,122374,N/A
Duke University,Mechanical Engineering,75714,104177,N/A
Florida State University,Chemical Engineering,59843,79019,N/A
Florida State University,Civil Engineering,54911,74756,N/A
Florida State University,Computer Engineering,66432,94156,N/A
Florida State University,Electrical Engineering,61842,84397,N/A
Florida State University,Industrial Engineering,59843,79019,N/A
Florida State University,Mechanical Engineering,59843,79019,N/A
George Washington University,Biomedical Engineering,57641,72838,N/A
George Washington University,Civil Engineering,66269,87637,N/A
George Washington University,Computer Engineering,78203,104673,N/A
George Washington University,Electrical Engineering,78203,104673,N/A
George Washington University,Mechanical Engineering,66269,87637,N/A
George Washington University,Systems Engineering,78203,104673,N/A
Georgia Institute of Technology,Aerospace Engineering,72263,100112,N/A
Georgia Institute of Technology,Biomedical Engineering,63564,85671,N/A
Georgia Institute of Technology,Chemical & Biomolecular Engineering,75112,100960,N/A
Georgia Institute of Technology,Civil Engineering,61446,80763,N/A
Georgia Institute of Technology,Computer Engineering,88526,121197,N/A
Georgia Institute of Technology,Electrical Engineering,81020,111990,N/A
Georgia Institute of Technology,Environmental Engineering,61446,80763,N/A
Georgia Institute of Technology,Industrial & Systems Engineering,78219,100960,N/A
Georgia Institute of Technology,Materials Science & Engineering,72263,100112,N/A
Georgia Institute of Technology,Mechanical Engineering,72263,100112,N/A
Georgia Institute of Technology,Nuclear & Radiological Engineering,72263,100112,N/A
Georgia Institute of Technology,Polymer & Fiber Engineering,75112,100960,N/A
Harvard University,Biomedical Engineering,57384,72482,N/A
Harvard University,Electrical Engineering,74267,98457,N/A
Harvard University,Engineering Sciences (General),60929,86155,N/A
Harvard University,Mechanical Engineering,65572,85995,N/A
Illinois Institute of Technology,Biomedical Engineering,62438,83047,N/A
Illinois Institute of Technology,Chemical Engineering,66606,92174,N/A
Illinois Institute of Technology,Civil Engineering,62438,83047,N/A
Illinois Institute of Technology,Computer Engineering,74373,97441,N/A
Illinois Institute of Technology,Electrical Engineering,74373,97441,N/A
Illinois Institute of Technology,Materials Engineering,62438,83047,N/A
Illinois Institute of Technology,Mechanical Engineering,66606,92174,N/A
Illinois Institute of Technology,Engineering Management (Industrial),66606,92174,N/A
Illinois Institute of Technology,Architectural Engineering,62438,83047,N/A
Illinois Institute of Technology,Environmental Engineering,62438,83047,N/A
Illinois Institute of Technology,Engineering (General),62438,83047,N/A
Iowa State University,Aerospace Engineering,70324,90094,N/A
Iowa State University,Agricultural Engineering,63676,80784,N/A
Iowa State University,Biological Systems Engineering,55217,71637,N/A
Iowa State University,Chemical Engineering,71338,94153,N/A
Iowa State University,Civil Engineering,62868,79318,N/A
Iowa State University,Computer Engineering,77804,102148,N/A
Iowa State University,Construction Engineering,68902,86003,N/A
Iowa State University,Electrical Engineering,76791,100060,N/A
Iowa State University,Industrial Engineering,70552,85845,N/A
Iowa State University,Materials Engineering,68902,86003,N/A
Iowa State University,Mechanical Engineering,70324,90094,N/A
Iowa State University,Software Engineering,77804,102148,N/A
Johns Hopkins University,Biomedical Engineering,68456,87693,N/A
Johns Hopkins University,Chemical & Biomolecular Engineering,72896,96339,N/A
Johns Hopkins University,Civil Engineering,65001,79882,N/A
Johns Hopkins University,Electrical Engineering,83349,113923,N/A
Johns Hopkins University,Engineering (General),72896,96339,N/A
Johns Hopkins University,Environmental Engineering,65001,79882,N/A
Johns Hopkins University,Materials Science & Engineering,72896,96339,N/A
Johns Hopkins University,Mechanical Engineering,72896,96339,N/A
Lehigh University,Bioengineering,58254,69531,N/A
Lehigh University,Chemical Engineering,71776,89413,N/A
Lehigh University,Civil Engineering,66050,79888,N/A
Lehigh University,Computer Engineering,88533,105321,N/A
Lehigh University,Electrical Engineering,72145,98851,N/A
Lehigh University,Industrial & Systems Engineering,72145,98851,N/A
Lehigh University,Materials Science & Engineering,66050,79888,N/A
Lehigh University,Mechanical Engineering,72145,98851,N/A
Louisiana State University,Biological Engineering,54401,68429,N/A
Louisiana State University,Chemical Engineering,75222,103607,N/A
Louisiana State University,Civil Engineering,61194,80499,N/A
Louisiana State University,Computer Engineering,70752,93347,N/A
Louisiana State University,Electrical Engineering,70752,93347,N/A
Louisiana State University,Industrial Engineering,63512,82870,N/A
Louisiana State University,Mechanical Engineering,66325,86076,N/A
Louisiana State University,Petroleum Engineering,85008,118207,N/A
Marquette University,Biomedical Engineering,53881,69860,N/A
Marquette University,Civil Engineering,61873,79756,N/A
Marquette University,Construction Engineering,61873,79756,N/A
Marquette University,Electrical Engineering,70308,89878,N/A
Marquette University,Mechanical Engineering,64320,80941,N/A
Massachusetts Institute of Technology,Aerospace Engineering,"83,177",138934,N/A
Massachusetts Institute of Technology,Biological Engineering,N/A,82813,N/A
Massachusetts Institute of Technology,Biomedical Engineering,70696,106402,N/A
Massachusetts Institute of Technology,Chemical Engineering,80139,124650,N/A
Massachusetts Institute of Technology,Civil Engineering,N/A,N/A,N/A
Massachusetts Institute of Technology,Electrical Engineering,117345,190731,N/A
Massachusetts Institute of Technology,Environmental Engineering,N/A,N/A,N/A
Massachusetts Institute of Technology,Materials Engineering,65919,98069,N/A
Massachusetts Institute of Technology,Mechanical Engineering,83957,106765,N/A
Massachusetts Institute of Technology,Nuclear Engineering,N/A,N/A,N/A
Massachusetts Institute of Technology,Operations Research (within Engineering),N/A,N/A,N/A
Michigan State University,Applied Engineering Sciences,60388,79355,N/A
Michigan State University,Biosystems Engineering,54947,72361,N/A
Michigan State University,Chemical Engineering,71524,93517,N/A
Michigan State University,Civil Engineering,58441,76990,N/A
Michigan State University,Computer Engineering,78065,106011,N/A
Michigan State University,Electrical Engineering,72772,95022,N/A
Michigan State University,Materials Science & Engineering,58441,76990,N/A
Michigan State University,Mechanical Engineering,65864,85137,N/A
Michigan Technological University,Chemical Engineering,71109,95681,N/A
Michigan Technological University,Civil Engineering,57733,75953,N/A
Michigan Technological University,Electrical Engineering,69444,90315,N/A
Michigan Technological University,Engineering (General),64000,84506,N/A
Michigan Technological University,Environmental Engineering,57733,75953,N/A
Michigan Technological University,Geological Engineering,57733,75953,N/A
Michigan Technological University,Materials Science & Engineering,64000,84506,N/A
Michigan Technological University,Mechanical Engineering,64000,84506,N/A
Michigan Technological University,Mining Engineering,64000,84506,N/A
Michigan Technological University,Software Engineering,76500,103067,N/A
Michigan Technological University,Surveying Engineering,57733,75953,N/A
Michigan Technological University,Electrical & Computer Engineering (MS),69444,90315,N/A
Missouri University of Science and Technology,Aerospace Engineering,66514,87766,N/A
Missouri University of Science and Technology,Architectural Engineering,60200,78656,N/A
Missouri University of Science and Technology,Ceramic Engineering,61889,80795,N/A
Missouri University of Science and Technology,Chemical Engineering,72060,96758,N/A
Missouri University of Science and Technology,Civil Engineering,61889,80795,N/A
Missouri University of Science and Technology,Computer Engineering,76044,102163,N/A
Missouri University of Science and Technology,Electrical Engineering,76044,102163,N/A
Missouri University of Science and Technology,Engineering Management,66514,87766,N/A
Missouri University of Science and Technology,Environmental Engineering,60200,78656,N/A
Missouri University of Science and Technology,Geological Engineering,60200,78656,N/A
Missouri University of Science and Technology,Mechanical Engineering,66514,87766,N/A
Missouri University of Science and Technology,Metallurgical Engineering,66514,87766,N/A
Missouri University of Science and Technology,Mining Engineering,66514,87766,N/A
Missouri University of Science and Technology,Nuclear Engineering,72060,96758,N/A
Missouri University of Science and Technology,Petroleum Engineering,85890,118066,N/A
New Jersey Institute of Technology,Biomedical Engineering,60991,77443,N/A
New Jersey Institute of Technology,Chemical Engineering,71547,97438,N/A
New Jersey Institute of Technology,Civil Engineering,65000,83311,N/A
New Jersey Institute of Technology,Computer Engineering,76306,104889,N/A
New Jersey Institute of Technology,Electrical Engineering,76306,104889,N/A
New Jersey Institute of Technology,Engineering Science,65000,83311,N/A
New Jersey Institute of Technology,Industrial Engineering,65000,83311,N/A
New Jersey Institute of Technology,Mechanical Engineering,71547,97438,N/A
New Jersey Institute of Technology,Engineering Technology (Various),60991,77443,N/A
North Carolina State University,Biomedical Engineering,60450,77864,N/A
North Carolina State University,Chemical Engineering,70929,93648,N/A
North Carolina State University,Civil Engineering,60171,77664,N/A
North Carolina State University,Computer Engineering,76482,104943,N/A
North Carolina State University,Electrical Engineering,72434,96160,N/A
North Carolina State University,Industrial Engineering,68018,93539,N/A
North Carolina State University,Materials Science & Engineering,65000,85000,N/A
North Carolina State University,Mechanical Engineering,68637,90765,N/A
North Carolina State University,Nuclear Engineering,73052,91360,N/A
North Carolina State University,Textile Engineering,60450,77864,N/A
Northwestern University,Biomedical Engineering,65000,85000,N/A
Northwestern University,Chemical Engineering,72275,94959,N/A
Northwestern University,Civil Engineering,63000,85000,N/A
Northwestern University,Computer Engineering,101459,132708,N/A
Northwestern University,Electrical Engineering,84758,116118,N/A
Northwestern University,Environmental Engineering,63000,85000,N/A
Northwestern University,Industrial Engineering,72275,94959,N/A
Northwestern University,Manufacturing & Design Engineering,72275,94959,N/A
Northwestern University,Materials Science & Engineering,72275,94959,N/A
Northwestern University,Mechanical Engineering,72275,94959,N/A
Ohio State University,Aerospace Engineering,70000,90000,N/A
Ohio State University,Biomedical Engineering,60000,78000,N/A
Ohio State University,Chemical Engineering,74000,92000,N/A
Ohio State University,Civil Engineering,60000,80000,N/A
Ohio State University,Computer Science & Engineering,83000,100000,N/A
Ohio State University,Electrical & Computer Engineering,80000,100000,N/A
Ohio State University,Environmental Engineering,60000,78000,N/A
Ohio State University,Industrial & Systems Engineering,65000,85000,N/A
Ohio State University,Materials Science & Engineering,65000,85000,N/A
Ohio State University,Mechanical Engineering,70000,90000,N/A
Ohio State University,Welding Engineering,74000,92000,N/A
Ohio University,Chemical Engineering,68296,91876,N/A
Ohio University,Civil Engineering,57676,77562,N/A
Ohio University,Electrical Engineering,63864,80857,N/A
Ohio University,Industrial & Systems Engineering,63864,80857,N/A
Ohio University,Mechanical Engineering,63864,80857,N/A
Oregon State University,Biological & Ecological Engineering,55973,74623,N/A
Oregon State University,Chemical Engineering,64330,87789,N/A
Oregon State University,Civil Engineering,58891,78385,N/A
Oregon State University,Computer Science (Engineering College),80017,108799,N/A
Oregon State University,Construction Engineering Management,66012,86593,N/A
Oregon State University,Ecological Engineering,55973,74623,N/A
Oregon State University,Electrical & Computer Engineering,76261,102559,N/A
Oregon State University,Environmental Engineering,58891,78385,N/A
Oregon State University,Industrial Engineering,69323,93472,N/A
Oregon State University,Manufacturing Engineering,69323,93472,N/A
Oregon State University,Mechanical Engineering,67254,90803,N/A
Oregon State University,Nuclear Engineering,69323,93472,N/A
Oregon State University,Software Engineering,80017,108799,N/A
Princeton University,Chemical & Biological Engineering,70000,90000,N/A
Princeton University,Civil & Environmental Engineering,65000,85000,N/A
Princeton University,Computer Science (B.S.E.),100000,130000,N/A
Princeton University,Electrical Engineering,85000,115000,N/A
Princeton University,Mechanical & Aerospace Engineering,75000,105000,N/A
Princeton University,Operations Research & Financial Eng.,95000,125000,N/A
Purdue University,Aeronautical & Astronautical Engineering,70000,91000,N/A
Purdue University,Agricultural Engineering,61500,81000,N/A
Purdue University,Biomedical Engineering,60500,79000,N/A
Purdue University,Chemical Engineering,72000,95000,N/A
Purdue University,Civil Engineering,61500,81000,N/A
Purdue University,Construction Engineering,67000,86000,N/A
Purdue University,Electrical Engineering,75000,100000,N/A
Purdue University,Environmental & Ecological Engineering,60500,79000,N/A
Purdue University,Industrial Engineering,70000,90000,N/A
Purdue University,Materials Engineering,64000,83000,N/A
Purdue University,Mechanical Engineering,70000,90000,N/A
Purdue University,Nuclear Engineering,72000,95000,N/A
Purdue University,Biomedical Health Sciences (Engineering),60500,79000,N/A
Rensselaer Polytechnic Institute,Biomedical Engineering,64081,86340,N/A
Rensselaer Polytechnic Institute,Chemical Engineering,74437,98870,N/A
Rensselaer Polytechnic Institute,Civil Engineering,64081,86340,N/A
Rensselaer Polytechnic Institute,Electrical Engineering,77040,105404,N/A
Rensselaer Polytechnic Institute,Engineering (General),66689,92868,N/A
Rensselaer Polytechnic Institute,Environmental Engineering,64081,86340,N/A
Rensselaer Polytechnic Institute,Industrial & Management Engineering,66689,92868,N/A
Rensselaer Polytechnic Institute,Materials Engineering,66689,92868,N/A
Rensselaer Polytechnic Institute,Mechanical Engineering,71039,94723,N/A
Rensselaer Polytechnic Institute,Nuclear Engineering,74437,98870,N/A
Rice University,Bioengineering,67500,88125,N/A
Rice University,Chemical Engineering,72500,101250,N/A
Rice University,Civil & Environmental Engineering,65000,83750,N/A
Rice University,Computer Engineering,90000,120000,N/A
Rice University,Electrical Engineering,85000,113750,N/A
Rice University,Materials Science & NanoEngineering,70000,95000,N/A
Rice University,Mechanical Engineering,75000,102500,N/A
Rutgers University,Applied Sciences in Engineering,71041,93322,N/A
Rutgers University,Biomedical Engineering,63630,82194,N/A
Rutgers University,Chemical Engineering,76106,98387,N/A
Rutgers University,Civil Engineering,65000,81621,N/A
Rutgers University,Electrical & Computer Engineering,84500,113004,N/A
Rutgers University,Industrial & Systems Engineering,71041,93322,N/A
Rutgers University,Materials Science & Engineering,71041,93322,N/A
Rutgers University,Mechanical Engineering,71041,93322,N/A
Stanford University,Aeronautics & Astronautics,78343,105000,N/A
Stanford University,Bioengineering,78343,105000,N/A
Stanford University,Chemical Engineering,78343,105000,N/A
Stanford University,Civil Engineering,78343,105000,N/A
Stanford University,Computer Science (B.S. Eng),120000,160000,N/A
Stanford University,Electrical Engineering,100000,130000,N/A
Stanford University,Environmental Systems Engineering,78343,105000,N/A
Stanford University,Management Science & Engineering,100000,130000,N/A
Stanford University,Materials Science & Engineering,78343,105000,N/A
Stanford University,Mechanical Engineering,85000,115000,N/A
Stanford University,Product Design (within Mech. Eng.),85000,115000,N/A
Stevens Institute of Technology,Biomedical Engineering,62313,83269,N/A
Stevens Institute of Technology,Chemical Engineering,72538,96691,N/A
Stevens Institute of Technology,Civil Engineering,66161,87804,N/A
Stevens Institute of Technology,Computer Engineering,76283,105851,N/A
Stevens Institute of Technology,Electrical Engineering,76283,105851,N/A
Stevens Institute of Technology,Engineering (General),66161,87804,N/A
Stevens Institute of Technology,Environmental Engineering,62313,83269,N/A
Stevens Institute of Technology,Mechanical Engineering,70388,95047,N/A
Stevens Institute of Technology,Naval Engineering,66161,87804,N/A
Stevens Institute of Technology,Software Engineering,83269,120074,N/A
Syracuse University,Bioengineering,58041,74244,N/A
Syracuse University,Civil Engineering,63039,80689,N/A
Syracuse University,Computer Engineering,70035,94055,N/A
Syracuse University,Electrical Engineering,70035,94055,N/A
Syracuse University,Environmental Engineering,58041,74244,N/A
Syracuse University,Mechanical Engineering,65535,83942,N/A
Texas A&M University,Aerospace Engineering,65144,91274,N/A
Texas A&M University,Biological & Agricultural Engineering,60000,81292,N/A
Texas A&M University,Biomedical Engineering,60000,81292,N/A
Texas A&M University,Chemical Engineering,73846,103810,N/A
Texas A&M University,Civil Engineering,60000,81292,N/A
Texas A&M University,Computer Engineering,76005,103810,N/A
Texas A&M University,Electrical Engineering,76005,103810,N/A
Texas A&M University,Industrial & Systems Engineering,68750,97134,N/A
Texas A&M University,Mechanical Engineering,68750,97134,N/A
Texas A&M University,Nuclear Engineering,73846,103810,N/A
Texas A&M University,Ocean Engineering,60000,81292,N/A
Texas A&M University,Petroleum Engineering,86250,123237,N/A
Texas Tech University,Chemical Engineering,70000,96000,N/A
Texas Tech University,Civil Engineering,60000,79000,N/A
Texas Tech University,Computer Engineering,72000,100000,N/A
Texas Tech University,Electrical Engineering,72000,100000,N/A
Texas Tech University,Industrial Engineering,65000,87000,N/A
Texas Tech University,Mechanical Engineering,65000,90000,N/A
Texas Tech University,Petroleum Engineering,80000,115000,N/A
The Pennsylvania State University,Aerospace Engineering,73100,99365,N/A
The Pennsylvania State University,Biological Engineering,62382,80397,N/A
The Pennsylvania State University,Biomedical Engineering,76531,104854,N/A
The Pennsylvania State University,Chemical Engineering,82218,99826,N/A
The Pennsylvania State University,Civil Engineering,66434,81380,N/A
The Pennsylvania State University,Computer Engineering,86052,106293,N/A
The Pennsylvania State University,Electrical Engineering,86052,106293,N/A
The Pennsylvania State University,Engineering Science,66434,81380,N/A
The Pennsylvania State University,Industrial Engineering,70432,87129,N/A
The Pennsylvania State University,Materials Science & Engineering,70432,87129,N/A
The Pennsylvania State University,Mechanical Engineering,70432,87129,N/A
The Pennsylvania State University,Nuclear Engineering,73100,99365,N/A
The Pennsylvania State University,Architectural Engineering,80070,97610,N/A
The Pennsylvania State University,Engineering (General),66434,81380,N/A
The Pennsylvania State University,Surveying Engineering,66434,81380,N/A
The Pennsylvania State University,Computer Science (Engineering),86052,106293,N/A
The Pennsylvania State University,Data Sciences (Engineering),86052,106293,N/A
The Pennsylvania State University,Environmental Systems Engineering,66434,81380,N/A
The Pennsylvania State University,Biological & Food Engineering (Ag),62382,80397,N/A
The University of Alabama,Aerospace Engineering,65000,85000,N/A
The University of Alabama,Architectural Engineering,58000,74000,N/A
The University of Alabama,Chemical Engineering,70000,95000,N/A
The University of Alabama,Civil Engineering,60000,78000,N/A
The University of Alabama,Computer Engineering,72000,98000,N/A
The University of Alabama,Construction Engineering,62000,80000,N/A
The University of Alabama,Electrical Engineering,72000,98000,N/A
The University of Alabama,Environmental Engineering,58000,74000,N/A
The University of Alabama,Mechanical Engineering,66000,88000,N/A
The University of Alabama,Metallurgical Engineering,66000,88000,N/A
The University of Tennessee–Knoxville,Aerospace Engineering,64000,87000,N/A
The University of Tennessee–Knoxville,Biomedical Engineering,57000,77000,N/A
The University of Tennessee–Knoxville,Chemical Engineering,70000,95000,N/A
The University of Tennessee–Knoxville,Civil Engineering,58000,80000,N/A
The University of Tennessee–Knoxville,Computer Engineering,72000,100000,N/A
The University of Tennessee–Knoxville,Electrical Engineering,72000,100000,N/A
The University of Tennessee–Knoxville,Industrial Engineering,64000,87000,N/A
The University of Tennessee–Knoxville,Materials Science & Engineering,58000,80000,N/A
The University of Tennessee–Knoxville,Mechanical Engineering,64000,87000,N/A
The University of Tennessee–Knoxville,Nuclear Engineering,70000,95000,N/A
The University of Texas at Arlington,Aerospace Engineering,60882,82350,N/A
The University of Texas at Arlington,Biomedical Engineering,57000,74677,N/A
The University of Texas at Arlington,Civil Engineering,57000,74677,N/A
The University of Texas at Arlington,Computer Engineering,73030,98923,N/A
The University of Texas at Arlington,Electrical Engineering,73030,98923,N/A
The University of Texas at Arlington,Industrial Engineering,60882,82350,N/A
The University of Texas at Arlington,Mechanical Engineering,64089,86400,N/A
The University of Texas at Arlington,Software Engineering,73030,98923,N/A
The University of Texas at Austin,Aerospace Engineering,71218,101344,N/A
The University of Texas at Austin,Architectural Engineering,64060,87889,N/A
The University of Texas at Austin,Biomedical Engineering,62000,86816,N/A
The University of Texas at Austin,Chemical Engineering,77016,108287,N/A
The University of Texas at Austin,Civil Engineering,64706,88729,N/A
The University of Texas at Austin,Electrical & Computer Engineering,86000,119083,N/A
The University of Texas at Austin,Environmental Engineering,64706,88729,N/A
The University of Texas at Austin,Geosystems Engineering & Hydrogeology,71218,101344,N/A
The University of Texas at Austin,Mechanical Engineering,71218,101344,N/A
The University of Texas at Austin,Petroleum Engineering,92500,128414,N/A
Tufts University,Biomedical Engineering,62500,75000,N/A
Tufts University,Chemical Engineering,70000,85000,N/A
Tufts University,Civil Engineering,65000,80000,N/A
Tufts University,Computer Engineering,80000,105000,N/A
Tufts University,Electrical Engineering,80000,105000,N/A
Tufts University,Environmental Engineering,62500,75000,N/A
Tufts University,Mechanical Engineering,72500,90000,N/A
University at Buffalo,Aerospace Engineering,60000,82000,N/A
University at Buffalo,Biomedical Engineering,55000,75000,N/A
University at Buffalo,Chemical Engineering,65000,90000,N/A
University at Buffalo,Civil Engineering,58000,80000,N/A
University at Buffalo,Computer Engineering,72000,100000,N/A
University at Buffalo,Electrical Engineering,72000,100000,N/A
University at Buffalo,Environmental Engineering,58000,80000,N/A
University at Buffalo,Industrial Engineering,60000,82000,N/A
University at Buffalo,Materials Design & Innovation,60000,82000,N/A
University at Buffalo,Mechanical Engineering,65000,88000,N/A
University at Buffalo,Engineering Physics,60000,82000,N/A
University of Arizona,Aerospace Engineering,60959,83078,N/A
University of Arizona,Biomedical Engineering,57066,77711,N/A
University of Arizona,Biosystems Engineering,53679,76166,N/A
University of Arizona,Chemical Engineering,70019,95274,N/A
University of Arizona,Civil Engineering,57918,78019,N/A
University of Arizona,Electrical & Computer Engineering,75635,103116,N/A
University of Arizona,Industrial Engineering,63324,83078,N/A
University of Arizona,Materials Science & Engineering,63324,83078,N/A
University of Arizona,Mechanical Engineering,63324,83078,N/A
University of Arizona,Mining Engineering,75635,103116,N/A
University of Arizona,Optical Sciences & Engineering,75635,103116,N/A
University of Arizona,Systems Engineering,63324,83078,N/A
University of Arkansas,Biological Engineering,55477,71487,N/A
University of Arkansas,Biomedical Engineering,55477,71487,N/A
University of Arkansas,Chemical Engineering,70977,90532,N/A
University of Arkansas,Civil Engineering,58000,74973,N/A
University of Arkansas,Computer Engineering,64500,85809,N/A
University of Arkansas,Electrical Engineering,64500,85809,N/A
University of Arkansas,Industrial Engineering,61401,78698,N/A
University of Arkansas,Mechanical Engineering,61401,78698,N/A
University of California Berkeley,Bioengineering,65000,85000,N/A
University of California Berkeley,Civil & Environmental Engineering,70000,90000,N/A
University of California Berkeley,Electrical Engineering & Computer Sciences (EECS),110000,150000,N/A
University of California Berkeley,Engineering Science,75000,100000,N/A
University of California Berkeley,Industrial Engineering & Operations Research,85000,115000,N/A
University of California Berkeley,Materials Science & Engineering,75000,100000,N/A
University of California Berkeley,Mechanical Engineering,80000,105000,N/A
University of California Berkeley,Nuclear Engineering,80000,105000,N/A
University of California Davis,Biomedical Engineering,60313,78097,N/A
University of California Davis,Chemical Engineering,68270,90116,N/A
University of California Davis,Civil Engineering,63000,82000,N/A
University of California Davis,Computer Engineering,72675,100069,N/A
University of California Davis,Electrical Engineering,72675,100069,N/A
University of California Davis,Materials Science & Engineering,63000,82000,N/A
University of California Davis,Mechanical Engineering,66000,86000,N/A
University of California Irvine,Biomedical Engineering,60000,75000,N/A
University of California Irvine,Chemical Engineering,65000,85000,N/A
University of California Irvine,Civil Engineering,62000,80000,N/A
University of California Irvine,Computer Engineering,75000,100000,N/A
University of California Irvine,Electrical Engineering,75000,100000,N/A
University of California Irvine,Environmental Engineering,60000,75000,N/A
University of California Irvine,Materials Science & Engineering,62000,80000,N/A
University of California Irvine,Mechanical Engineering,68000,90000,N/A
University of California Los Angeles,Bioengineering,65000,85000,N/A
University of California Los Angeles,Chemical Engineering,70000,95000,N/A
University of California Los Angeles,Civil Engineering,65000,85000,N/A
University of California Los Angeles,Computer Engineering,95000,130000,N/A
University of California Los Angeles,Electrical Engineering,90000,120000,N/A
University of California Los Angeles,Materials Engineering,70000,95000,N/A
University of California Los Angeles,Mechanical Engineering,75000,100000,N/A
